control_id,control_name,control_family,control_refs,risk_area,practice_applicability,evidence_id,evidence_name,evidence_type,evidence_owner,evidence_provider,accountable_owner,reviewer_needed,evidence_status,freshness_status,last_collected_at,last_reviewed_at,effective_date,cadence,stale_after_days,retention_years,source_systems,acceptable_evidence,unsafe_inputs,linked_answer_packet_ids,next_action
VEL-GOV-OWNER-001,Security official and accountable owner designated,Administrative Safeguards,45 CFR § 164.308(a)(2) Assigned Security Responsibility (Required); NIST SP 800-66r2 § 3.1 Assigned Security Responsibility; HHS 405(d) HICP Sub-Practice 10.S.A Cybersecurity Management; CISA CPG 1.A Governance & Leadership,Governance,small_practice; msp_supported; covered_entity; public_demo,EV-GOV-OWNER-001,Accountable security owner record,sanitized owner role record or practice attestation,owner,office_manager,owner,owner; velari_reviewer,missing,missing,,,,annual,365,6,practice profile; management signoff packet,named security owner role; dated owner acknowledgement; owner/MSP responsibility split,PHI or patient identifiers; credentials; private admin URLs; raw logs; patient screenshots; full private contracts,,Confirm the named owner for security readiness decisions and where owner/MSP handoffs are recorded.
VEL-GOV-SRA-001,Security risk analysis record,Administrative Safeguards,45 CFR § 164.308(a)(1)(ii)(A) Risk Analysis (Required); NIST SP 800-66r2 § 3.1 Security Management Process - Risk Analysis; HHS 405(d) HICP Sub-Practice 10.M.A / 10.S.A Risk Management; ONC/OCR Security Risk Assessment (SRA) Tool Guidance; CISA CPG 1.F Risk Management Assessment,Risk Analysis,small_practice; msp_supported; covered_entity; public_demo,EV-GOV-SRA-001,Risk analysis reference record,private risk analysis reference or reviewer note,legal_compliance,owner,owner,legal_compliance; velari_reviewer,needs_professional_review,missing,,,,annual,365,6,risk analysis worksheet; management signoff packet,formal risk analysis reference ID; dated reviewer note; management review date; scope statement,PHI or patient identifiers; credentials; private admin URLs; raw logs; patient screenshots; full private contracts,,Identify whether a current formal risk analysis exists and route gaps to qualified professional review.
VEL-GOV-RISK-001,Risk treatment and corrective action register,Administrative Safeguards,45 CFR § 164.308(a)(1)(ii)(B) Risk Management (Required); NIST SP 800-66r2 § 3.1 Security Management Process - Risk Management; HHS 405(d) HICP Sub-Practice 10.M.A Risk Mitigation; CISA CPG 1.E Vulnerability Remediation Planning,Corrective Action,small_practice; msp_supported; covered_entity; public_demo,EV-GOV-RISK-001,Corrective action register,risk register export or owner action plan,owner,office_manager,owner,owner; velari_reviewer,missing,missing,,,,monthly,30,6,risk-register.csv; owner-action-plan.md,action register with owner; due date and priority; remediation status; reviewer note for deferred items,PHI or patient identifiers; credentials; private admin URLs; raw logs; patient screenshots; full private contracts,,"Assign each open finding to an owner, due date, and evidence reference."
VEL-GOV-POLICY-001,Security policy set with last review date,Administrative Safeguards,"45 CFR § 164.316(a), (b)(1), (b)(2)(iii) Policies, Procedures & Periodic Review (Required); NIST SP 800-66r2 § 3.4 Policies, Procedures, and Documentation Requirements; HHS 405(d) HICP Sub-Practice 10.S.B Policy Architecture; CISA CPG 1.B Cybersecurity Documentation",Policy Review,small_practice; msp_supported; covered_entity; public_demo,EV-GOV-POLICY-001,Security policy review record,"policy index, review date, and owner signoff",office_manager,owner,owner,owner; legal_compliance,missing,missing,,,,annual,365,6,policy binder; staff handbook,policy index; last review date; owner signoff; staff acknowledgement reference,PHI or patient identifiers; credentials; private admin URLs; raw logs; patient screenshots; full private contracts,READINESS-005,"Record the current policy set, last review date, owner, and staff acknowledgement reference."
VEL-WORKFORCE-TRAIN-001,Workforce security training record,Administrative Safeguards,"45 CFR § 164.308(a)(5)(i) Security Awareness and Training (Required) & § 164.308(a)(5)(ii)(A)-(D); NIST SP 800-66r2 § 3.1 Security Awareness and Training; HHS 405(d) HICP Practice 2 - Workforce Training (2.S.A, 2.M.A); CISA CPG 2.I Foundational Cybersecurity Training",Workforce Training,small_practice; msp_supported; covered_entity; public_demo,EV-WORKFORCE-TRAIN-001,Staff security training evidence,"training roster, date, and topic summary",office_manager,office_manager,owner,office_manager; velari_reviewer,missing,missing,,,,annual,365,6,LMS or staff training file; onboarding checklist,sanitized training roster; training date and topic list; acknowledgement reference; new-hire training checklist,PHI or patient identifiers; credentials; private admin URLs; raw logs; patient screenshots; full private contracts,AI-PASTE_PATIENT_LEVEL_NOTE_INTO_PUBLIC_CHATBOT; VENDOR-EXAMPLE_AI_SCRIBE_VENDOR; EXT-TRACKER-INTAKE-002; EXT-TRACKER-SCHEDULER-001; AI-AI_SCRIBE_PILOT; AI-BILLING_APPEAL_DRAFTER,Confirm current staff training completion and record the date and evidence reference.
VEL-IR-CONTACT-001,Incident response plan and contact tree,Operational Readiness,"45 CFR § 164.308(a)(6)(i)-(ii) Security Incident Procedures - Response and Reporting (Required); NIST SP 800-66r2 § 3.1 Security Incident Procedures; HHS 405(d) HICP Practice 7 - Incident Response (7.S.A, 7.M.A); CISA CPG 2.S Incident Response Planning",Incident Response,small_practice; msp_supported; covered_entity; public_demo,EV-IR-CONTACT-001,Incident response contact tree,sanitized plan summary and contact owner list,owner,office_manager,owner,owner; incident_responder; legal_compliance,missing,missing,,,,annual,365,6,incident-decision-log.md; contact tree,incident roles list; MSP escalation path; insurer contact reference; counsel or compliance contact reference,PHI or patient identifiers; credentials; private admin URLs; raw logs; patient screenshots; full private contracts,,Confirm the incident contact tree and separate technical response from qualified notice decisions.
VEL-DR-DOWNTIME-001,"Contingency, downtime, and disaster recovery plan",Operational Readiness,"45 CFR § 164.308(a)(7)(i), (a)(7)(ii)(B) Disaster Recovery Plan (Required) & (C) Emergency Mode Operation Plan (Required); NIST SP 800-66r2 § 3.1 Contingency Plan; HHS 405(d) HICP Practice 8 - Contingency Planning (8.S.A, 8.M.A); CISA CPG 2.T Business Continuity & Resilience",Downtime / Ransomware,small_practice; msp_supported; covered_entity; public_demo,EV-DR-DOWNTIME-001,Downtime plan evidence,downtime workflow worksheet and tabletop note,msp,msp,owner,msp; incident_responder; office_manager,missing,missing,,,,annual,365,6,EHR; billing; shared drive; phone system,downtime workflow map; tabletop exercise note; critical system owner list; manual workaround checklist,PHI or patient identifiers; credentials; private admin URLs; raw logs; patient screenshots; full private contracts,READINESS-005; READINESS-003,"Run or schedule a downtime tabletop and record owner, MSP, and evidence references."
VEL-EVID-FRESHNESS-001,Evidence freshness report,Operational Readiness,45 CFR § 164.308(a)(8) Evaluation (Required) & § 164.316(b)(2)(iii) Periodic Review (Required); NIST SP 800-66r2 § 3.1 Periodic Technical and Nontechnical Evaluation; HHS 405(d) HICP Sub-Practice 10.M.B Audit and Evidence Freshness; CISA CPG 1.G Measurable Security Outcomes,Evidence Freshness,small_practice; msp_supported; covered_entity; public_demo,EV-EVID-FRESHNESS-001,Evidence freshness summary,generated freshness report,velari_reviewer,velari_reviewer,owner,owner; velari_reviewer,missing,missing,,,,monthly,30,6,control-evidence-matrix.csv; evidence-freshness-report.md,freshness counts by status; owner split; stale and missing list; dated generated report,PHI or patient identifiers; credentials; private admin URLs; raw logs; patient screenshots; full private contracts,,"Review missing and stale evidence weekly until owner, MSP, and vendor asks are assigned."
VEL-MFA-REMOTE-001,"MFA coverage for email, cloud, admin, and remote access",Technical Safeguards,45 CFR § 164.312(a)(1) Access Control (Required) & § 164.312(d) Person or Entity Authentication (Required); NIST SP 800-66r2 § 3.3 Access Control and Authentication; HHS 405(d) HICP Sub-Practice 1.S.A Multifactor Authentication; CISA CPG 2.H Implement MFA,Access / MFA,small_practice; msp_supported; covered_entity; public_demo,EV-MFA-REMOTE-001,Remote access MFA enforcement evidence,"sanitized configuration reference, policy reference, or admin attestation",msp,msp,owner,msp; velari_reviewer,missing,missing,,,,quarterly,90,6,Microsoft 365; VPN; RMM; EHR admin portal,sanitized MFA policy export; conditional access policy reference; admin account MFA coverage report; signed MSP attestation with date and scope,PHI or patient identifiers; credentials; private admin URLs; raw logs; patient screenshots; full private contracts,VENDOR-EXAMPLE_IMAGING_VENDOR; READINESS-004; READINESS-001; READINESS-002; READINESS-006; AI-PASTE_PATIENT_LEVEL_NOTE_INTO_PUBLIC_CHATBOT; VENDOR-EXAMPLE_AI_SCRIBE_VENDOR; EXT-TRACKER-INTAKE-002; VENDOR-EXAMPLE_BILLING_VENDOR; EXT-TRACKER-SCHEDULER-001; AI-AI_SCRIBE_PILOT; AI-BILLING_APPEAL_DRAFTER,"Ask the MSP to confirm MFA is enforced for EHR, email, administrator accounts, remote support, and remote access tools."
VEL-ACCESS-REVIEW-001,"User access review for EHR, email, file shares, billing, VPN, and RMM",Technical Safeguards,45 CFR § 164.308(a)(4)(ii)(B) Access Authorization (Addressable) & (C) Access Establishment and Modification (Addressable); NIST SP 800-66r2 § 3.1 Information Access Management; HHS 405(d) HICP Sub-Practice 3.S.A Identity and Access Management; CISA CPG 2.B Account Inventory and Periodic Review,Access Review,small_practice; msp_supported; covered_entity; public_demo,EV-ACCESS-REVIEW-001,Quarterly access review evidence,sanitized user list export and owner signoff,msp,msp,owner,msp; office_manager,missing,missing,,,,quarterly,90,6,EHR; billing; email; shared drive; RMM,user list export; admin role list; removed-account note; owner access-review signoff,PHI or patient identifiers; credentials; private admin URLs; raw logs; patient screenshots; full private contracts,VENDOR-EXAMPLE_IMAGING_VENDOR; READINESS-004; READINESS-001; READINESS-002; READINESS-006; AI-PASTE_PATIENT_LEVEL_NOTE_INTO_PUBLIC_CHATBOT; VENDOR-EXAMPLE_AI_SCRIBE_VENDOR; EXT-TRACKER-INTAKE-002; VENDOR-EXAMPLE_BILLING_VENDOR; EXT-TRACKER-SCHEDULER-001; AI-AI_SCRIBE_PILOT; AI-BILLING_APPEAL_DRAFTER,"Export user and admin-role lists, reconcile owners, and record quarterly owner signoff."
VEL-OFFBOARDING-001,Termination and offboarding evidence,Administrative Safeguards,45 CFR § 164.308(a)(3)(ii)(C) Termination Procedures (Required); NIST SP 800-66r2 § 3.1 Workforce Security - Termination Procedures; HHS 405(d) HICP Sub-Practice 3.S.B Deprovisioning & Access Revocation; CISA CPG 2.D Rapid Deprovisioning,Offboarding,small_practice; msp_supported; covered_entity; public_demo,EV-OFFBOARDING-001,Offboarding completion record,checklist and account removal reference,office_manager,msp,owner,office_manager; msp,missing,missing,,,,event_driven,7,6,HR checklist; EHR; email; billing; keys or badges,dated offboarding checklist; account disablement reference; equipment return reference; exception owner and sunset date,PHI or patient identifiers; credentials; private admin URLs; raw logs; patient screenshots; full private contracts,,"Confirm offboarding checklist ownership and evidence references for accounts, devices, and physical access."
VEL-PRIV-ACCOUNTS-001,Privileged and administrator account inventory,Technical Safeguards,45 CFR § 164.308(a)(4)(ii)(B) Access Authorization (Addressable) & § 164.312(a)(1) Access Control (Required); NIST SP 800-66r2 § 3.1 & § 3.3 Access Management and Control; HHS 405(d) HICP Sub-Practice 3.M.A Privileged Account Segregation; CISA CPG 2.A Admin Account Separation & Minimization,Privileged Access,small_practice; msp_supported; covered_entity; public_demo,EV-PRIV-ACCOUNTS-001,Administrator account inventory,sanitized admin role list and owner review,msp,msp,owner,msp; technical_reviewer,missing,missing,,,,quarterly,90,6,Microsoft 365; EHR admin portal; RMM; firewall or VPN,admin account list; named account owner; MFA status for admin accounts; shared-account exception register,PHI or patient identifiers; credentials; private admin URLs; raw logs; patient screenshots; full private contracts,VENDOR-EXAMPLE_IMAGING_VENDOR; READINESS-004; READINESS-001; READINESS-002; READINESS-006; VENDOR-EXAMPLE_AI_SCRIBE_VENDOR; VENDOR-EXAMPLE_BILLING_VENDOR,"Inventory privileged accounts and document owner, MFA status, and shared-account exceptions."
VEL-VENDOR-REMOTE-001,Vendor and MSP remote access inventory,Technical Safeguards,45 CFR § 164.308(a)(4)(i) Information Access Management (Required) & § 164.312(a)(1) Access Control (Required); NIST SP 800-66r2 § 3.1 & § 3.3 Access Control and Third-Party Management; HHS 405(d) HICP Sub-Practice 3.M.B Third-Party / Remote Support Access; CISA CPG 2.G Third-Party Remote Access Control,Vendor Remote Access,small_practice; msp_supported; covered_entity; public_demo,EV-VENDOR-REMOTE-001,Remote support access inventory,vendor support access list and MSP attestation,msp,msp,owner,msp; vendor; velari_reviewer,missing,missing,,,,quarterly,90,6,RMM; VPN; vendor support tools; EHR support portal,vendor remote access list; support account owner; MFA and approval workflow reference; remote access exception log,PHI or patient identifiers; credentials; private admin URLs; raw logs; patient screenshots; full private contracts,VENDOR-EXAMPLE_IMAGING_VENDOR; READINESS-004; READINESS-001; READINESS-002; READINESS-006; AI-PASTE_PATIENT_LEVEL_NOTE_INTO_PUBLIC_CHATBOT; VENDOR-EXAMPLE_AI_SCRIBE_VENDOR; EXT-TRACKER-INTAKE-002; VENDOR-EXAMPLE_BILLING_VENDOR; EXT-TRACKER-SCHEDULER-001; AI-AI_SCRIBE_PILOT; AI-BILLING_APPEAL_DRAFTER; EXT-TLS-PORTAL-003,"Ask the MSP to list vendor support paths, named owners, MFA coverage, and disablement process."
VEL-BREAKGLASS-001,Break-glass account register and last test date,Technical Safeguards,45 CFR § 164.312(a)(2)(ii) Emergency Access Procedure (Required); NIST SP 800-66r2 § 3.3 Emergency Access Procedures (Break-Glass); HHS 405(d) HICP Sub-Practice 8.S.B Emergency Credentialing & Access; CISA CPG 2.U Emergency Recovery Credentials,Emergency Access,small_practice; msp_supported; covered_entity; public_demo,EV-BREAKGLASS-001,Break-glass account record,sanitized register and test record,msp,msp,owner,msp; owner,missing,missing,,,,quarterly,90,6,EHR; Microsoft 365; RMM; backup console,account purpose and owner; last test date; storage or escrow process reference; access alerting reference,PHI or patient identifiers; credentials; private admin URLs; raw logs; patient screenshots; full private contracts,VENDOR-EXAMPLE_IMAGING_VENDOR; READINESS-004; READINESS-001; READINESS-002; READINESS-006; VENDOR-EXAMPLE_AI_SCRIBE_VENDOR; VENDOR-EXAMPLE_BILLING_VENDOR,"Confirm break-glass accounts exist only where needed and have owners, test dates, and monitored use."
VEL-BACKUP-SCOPE-001,Backup configuration and asset coverage,Technical Safeguards,"45 CFR § 164.308(a)(7)(ii)(A) Data Backup Plan (Required); NIST SP 800-66r2 § 3.1 Contingency Plan - Data Backup Plan; HHS 405(d) HICP Practice 4 - Data Protection and Backup (4.S.A, 4.M.A); CISA CPG 2.R Immutable & Isolated Backups",Backup / downtime,small_practice; msp_supported; covered_entity; public_demo,EV-BACKUP-SCOPE-001,Backup scope evidence,backup policy summary and covered asset list,msp,msp,owner,msp; office_manager,missing,missing,,,,quarterly,90,6,EHR export; shared drive; imaging workstation; billing files,backup job summary; covered and excluded asset list; retention setting summary; backup owner attestation,PHI or patient identifiers; credentials; private admin URLs; raw logs; patient screenshots; full private contracts,READINESS-005; READINESS-003,Confirm backup coverage for critical systems and document exclusions with an owner.
VEL-BACKUP-RESTORE-001,Backup restore test report,Operational Readiness,45 CFR § 164.308(a)(7)(ii)(D) Testing and Revision Procedures (Addressable); NIST SP 800-66r2 § 3.1 Contingency Plan - Testing and Revision; HHS 405(d) HICP Sub-Practice 4.S.B Periodic Backup Restoration Testing; CISA CPG 2.R Test Backups and Restoration,Backup / downtime,small_practice; msp_supported; covered_entity; public_demo,EV-BACKUP-RESTORE-001,Restore test evidence,restore-test note and date observed,msp,msp,owner,msp; office_manager,missing,missing,,,,quarterly,90,6,backup console; EHR export; shared drive; imaging workstation,restore-test date; system tested; recovery owner; limitations and exclusions; private binder reference ID,PHI or patient identifiers; credentials; private admin URLs; raw logs; patient screenshots; full private contracts,READINESS-005; READINESS-003,Run or schedule a restore test for critical systems and keep reference-only evidence.
VEL-PATCH-MGMT-001,Patch management report,Technical Safeguards,45 CFR § 164.308(a)(5)(ii)(B) Protection from Malicious Software (Addressable) & § 164.308(a)(1)(ii)(B) Risk Management (Required); NIST SP 800-66r2 § 3.1 Flaw Remediation & System Maintenance; HHS 405(d) HICP Sub-Practice 5.S.A Operating System and Application Patching; CISA CPG 1.E Patch Known Exploited Vulnerabilities,Patch Management,small_practice; msp_supported; covered_entity; public_demo,EV-PATCH-MGMT-001,Patch status report,sanitized endpoint or RMM patch summary,msp,msp,owner,msp; technical_reviewer,missing,missing,,,,monthly,30,6,RMM; endpoint management; imaging workstation; server or network devices,patch compliance summary; exception list; unsupported asset note; remediation owner and date,PHI or patient identifiers; credentials; private admin URLs; raw logs; patient screenshots; full private contracts,,"Ask the MSP for patch status, unsupported assets, exceptions, and remediation owners."
VEL-VULN-MGMT-001,Vulnerability scan report and remediation status,Technical Safeguards,45 CFR § 164.308(a)(1)(ii)(A) Risk Analysis (Required) & § 164.308(a)(8) Evaluation (Required); NIST SP 800-66r2 § 3.1 Vulnerability Assessment & Technical Evaluation; HHS 405(d) HICP Sub-Practice 5.M.A Vulnerability Scanning & Remediation; CISA CPG 1.F Vulnerability Scanning,Vulnerability Management,small_practice; msp_supported; covered_entity; public_demo,EV-VULN-MGMT-001,Vulnerability management evidence,sanitized scan summary and remediation register,msp,msp,owner,msp; technical_reviewer,missing,missing,,,,monthly,30,6,vulnerability scanner; RMM; internet-facing asset review,sanitized scan date and scope; high-risk finding count; remediation status; owner and due date,PHI or patient identifiers; credentials; private admin URLs; raw logs; patient screenshots; full private contracts,,Confirm scan scope and track remediation status without exporting raw findings into public artifacts.
VEL-EDR-STATUS-001,Endpoint protection or EDR status,Technical Safeguards,"45 CFR § 164.308(a)(5)(ii)(B) Protection from Malicious Software (Addressable) & § 164.312(c)(1) Integrity (Required); NIST SP 800-66r2 § 3.1 & § 3.3 Malicious Software Protection; HHS 405(d) HICP Practice 1 - Endpoint Protection (1.S.B, 1.M.A); CISA CPG 2.P Endpoint Detection and Response (EDR)",Endpoint Protection,small_practice; msp_supported; covered_entity; public_demo,EV-EDR-STATUS-001,Endpoint protection coverage evidence,sanitized console coverage report or MSP attestation,msp,msp,owner,msp; technical_reviewer,missing,missing,,,,monthly,30,6,endpoint protection console; RMM; workstation inventory,protected endpoint count; missing agent list by asset category; alert owner; remediation notes,PHI or patient identifiers; credentials; private admin URLs; raw logs; patient screenshots; full private contracts,,"Request endpoint protection coverage for workstations, servers, and critical practice devices."
VEL-LOG-REVIEW-001,Log source inventory and log review record,Technical Safeguards,"45 CFR § 164.308(a)(1)(ii)(D) Information System Activity Review (Required) & § 164.312(b) Audit Controls (Required); NIST SP 800-66r2 § 3.1 & § 3.3 Audit Controls and Activity Review; HHS 405(d) HICP Practice 6 - Network and System Monitoring (6.S.A, 6.M.A); CISA CPG 2.M Centralized Logging and Review",Monitoring,small_practice; msp_supported; covered_entity; public_demo,EV-LOG-REVIEW-001,Log source and review cadence evidence,log source inventory and review cadence note,msp,msp,owner,msp; technical_reviewer,missing,missing,,,,monthly,30,6,EHR audit log; Microsoft 365 audit log; firewall or VPN logs; RMM alerts,log source list; review cadence record; alert owner; escalation path; date last reviewed,PHI or patient identifiers; credentials; private admin URLs; raw logs; patient screenshots; full private contracts,READINESS-006,"Define log sources, review cadence, alert owner, and escalation route."
VEL-ENCRYPT-DEVICE-001,Encryption and device protection status,Technical Safeguards,45 CFR § 164.312(a)(2)(iv) Encryption and Decryption (Addressable) & § 164.312(e)(2)(ii) Transmission Encryption (Addressable); NIST SP 800-66r2 § 3.3 Encryption of ePHI at Rest and in Transit; HHS 405(d) HICP Sub-Practice 1.S.C Full Disk Encryption (BitLocker / FileVault); CISA CPG 2.K Data Protection and At-Rest Encryption,Device Protection,small_practice; msp_supported; covered_entity; public_demo,EV-ENCRYPT-DEVICE-001,Device encryption and protection evidence,sanitized device protection summary,msp,msp,owner,msp; technical_reviewer,missing,missing,,,,quarterly,90,6,endpoint management; mobile device management; imaging workstation; laptops,encryption status summary; device lock policy; missing device exception list; owner remediation note,PHI or patient identifiers; credentials; private admin URLs; raw logs; patient screenshots; full private contracts,EXT-TLS-PORTAL-003,"Confirm encryption and device protection status for laptops, workstations, and portable media."
VEL-ASSET-EXPOSURE-001,Asset inventory and internet-facing exposure review,Technical Safeguards,45 CFR § 164.308(a)(1)(ii)(A) Risk Analysis (Required) & § 164.310(d)(1) Device and Media Controls (Required); NIST SP 800-66r2 § 3.1 & § 3.2 Hardware and Electronic Media Inventory; HHS 405(d) HICP Sub-Practice 9.S.A Hardware and Software Inventory; CISA CPG 1.C Asset Inventory & Attack Surface Exposure,Asset Inventory,small_practice; msp_supported; covered_entity; public_demo,EV-ASSET-EXPOSURE-001,Asset inventory and exposure evidence,asset inventory export and exposure review note,msp,msp,owner,msp; technical_reviewer,missing,missing,,,,quarterly,90,6,RMM; firewall; domain registrar; cloud admin portal,device and system inventory; internet-facing service list; owner and support path; exposure remediation note,PHI or patient identifiers; credentials; private admin URLs; raw logs; patient screenshots; full private contracts,,Confirm asset inventory and internet-facing exposure without publishing IP addresses or private diagrams.
VEL-VENDOR-INV-001,Vendor inventory with ePHI access flag,Vendor / BAA / AI,45 CFR § 164.308(b)(1) Business Associate Contracts (Required) & § 164.314(a)(1) Business Associate Contracts or Other Arrangements (Required); NIST SP 800-66r2 § 3.1 & § 3.4 Business Associate Contracts; HHS 405(d) HICP Practice 9 - Third-Party Risk Management (9.S.B); CISA CPG 1.D Supply Chain Risk Management,Vendor / BAA,small_practice; msp_supported; covered_entity; public_demo,EV-VENDOR-INV-001,Vendor inventory evidence,vendor register with ePHI access flag,office_manager,office_manager,owner,office_manager; legal_compliance,missing,missing,,,,quarterly,90,6,vendor register; ePHI flow map; accounts payable vendor list,vendor list; ePHI access flag; service description; business owner; review date,PHI or patient identifiers; credentials; private admin URLs; raw logs; patient screenshots; full private contracts,VENDOR-EXAMPLE_IMAGING_VENDOR; READINESS-004; READINESS-001; READINESS-002; READINESS-006; AI-PASTE_PATIENT_LEVEL_NOTE_INTO_PUBLIC_CHATBOT; VENDOR-EXAMPLE_AI_SCRIBE_VENDOR; EXT-TRACKER-INTAKE-002; VENDOR-EXAMPLE_BILLING_VENDOR; EXT-TRACKER-SCHEDULER-001; AI-AI_SCRIBE_PILOT; AI-BILLING_APPEAL_DRAFTER; EXT-TLS-PORTAL-003,"Update the vendor register with ePHI access, owner, and review date."
VEL-BAA-STATUS-001,BAA status and review date,Vendor / BAA / AI,45 CFR § 164.502(e)(1)-(2) & § 164.504(e) Disclosures to Business Associates & BAA Terms (Required); NIST SP 800-66r2 § 3.4 Business Associate Agreement Verification; HHS 405(d) HICP Sub-Practice 9.S.B Business Associate Agreements; CISA CPG 1.D Third-Party Supplier Due Diligence,Vendor / BAA,small_practice; msp_supported; covered_entity; public_demo,EV-BAA-STATUS-001,BAA status evidence,"BAA status, review date, and private binder reference",legal_compliance,office_manager,owner,legal_compliance; vendor; velari_reviewer,missing,missing,,,,contract_renewal,365,6,vendor register; contract binder; vendor security portal,BAA status; BAA review date; vendor service scope; private binder reference ID,PHI or patient identifiers; credentials; private admin URLs; raw logs; patient screenshots; full private contracts,VENDOR-EXAMPLE_IMAGING_VENDOR; READINESS-004; AI-PASTE_PATIENT_LEVEL_NOTE_INTO_PUBLIC_CHATBOT; VENDOR-EXAMPLE_AI_SCRIBE_VENDOR; EXT-TRACKER-INTAKE-002; VENDOR-EXAMPLE_BILLING_VENDOR; EXT-TRACKER-SCHEDULER-001; AI-AI_SCRIBE_PILOT; AI-BILLING_APPEAL_DRAFTER; EXT-TLS-PORTAL-003,"Confirm BAA status and review date for each vendor that stores, processes, transmits, or accesses ePHI."
VEL-VENDOR-EVIDENCE-001,Vendor security evidence status,Vendor / BAA / AI,45 CFR § 164.308(b)(1) Business Associate Contracts (Required) & § 164.314(a)(2)(i)(A) Reasonable Assurances (Required); NIST SP 800-66r2 § 3.1 Third-Party Security Evaluation; HHS 405(d) HICP Sub-Practice 9.M.A Vendor Security Assurance (SOC 2 / HITRUST); CISA CPG 1.D Supply Chain Due Diligence,Vendor Security Evidence,small_practice; msp_supported; covered_entity; public_demo,EV-VENDOR-EVIDENCE-001,Vendor security evidence status,public evidence or gated proof status label,vendor,vendor,owner,vendor; legal_compliance; technical_reviewer,gated,missing,,,,annual,365,6,vendor security page; vendor trust portal; contract binder,SOC 2 status label; HITRUST status label; vendor security page; gated proof request status; reviewer note,PHI or patient identifiers; credentials; private admin URLs; raw logs; patient screenshots; full private contracts,VENDOR-EXAMPLE_IMAGING_VENDOR; READINESS-004; AI-PASTE_PATIENT_LEVEL_NOTE_INTO_PUBLIC_CHATBOT; VENDOR-EXAMPLE_AI_SCRIBE_VENDOR; EXT-TRACKER-INTAKE-002; VENDOR-EXAMPLE_BILLING_VENDOR; EXT-TRACKER-SCHEDULER-001; AI-AI_SCRIBE_PILOT; AI-BILLING_APPEAL_DRAFTER; EXT-TLS-PORTAL-003,Request vendor security evidence status and route private proof to the appropriate reviewer.
VEL-VENDOR-TERMS-001,Vendor incident-notification and retention/deletion terms,Vendor / BAA / AI,45 CFR § 164.314(a)(2)(i)(C) Incident Reporting by Business Associate (Required) & § 164.410 Breach by Business Associate (Required); NIST SP 800-66r2 § 3.4 Business Associate Security Incidents; HHS 405(d) HICP Sub-Practice 9.M.B Third-Party Incident Escalation Terms; CISA CPG 2.S Supply Chain Incident Notification,Vendor Terms,small_practice; msp_supported; covered_entity; public_demo,EV-VENDOR-TERMS-001,Vendor incident and data lifecycle terms,contract term summary and reviewer note,legal_compliance,vendor,owner,legal_compliance; vendor,gated,missing,,,,contract_renewal,365,6,contract binder; vendor security portal; vendor questionnaire,incident notice term summary; retention term summary; deletion or export capability note; subcontractor or subprocessor list status,PHI or patient identifiers; credentials; private admin URLs; raw logs; patient screenshots; full private contracts,VENDOR-EXAMPLE_IMAGING_VENDOR; READINESS-004; AI-PASTE_PATIENT_LEVEL_NOTE_INTO_PUBLIC_CHATBOT; VENDOR-EXAMPLE_AI_SCRIBE_VENDOR; EXT-TRACKER-INTAKE-002; VENDOR-EXAMPLE_BILLING_VENDOR; EXT-TRACKER-SCHEDULER-001; AI-AI_SCRIBE_PILOT; AI-BILLING_APPEAL_DRAFTER; EXT-TLS-PORTAL-003,"Request incident-notification, retention, deletion, export, and subcontractor term status from each relevant vendor."
VEL-AI-INVENTORY-001,AI tool inventory and allowed/restricted/prohibited workflow decision,Vendor / BAA / AI,"45 CFR § 164.308(a)(1)(ii)(A) Risk Analysis (Required) & § 164.312(a)(1) Access Control (Required); NIST AI RMF GOVERN 1.2, MAP 1.1, MANAGE 2.1 AI System Characterization and Risk Boundary; HHS 405(d) HICP Sub-Practice 10.M.A Emerging Technology Risk Assessment; OCR HIPAA Guidance on Online Tracking & Cloud/AI Processing",AI Workflow Review,small_practice; msp_supported; covered_entity; public_demo,EV-AI-INVENTORY-001,AI workflow inventory evidence,AI workflow register and owner decision record,office_manager,office_manager,owner,office_manager; legal_compliance; technical_reviewer,missing,missing,,,,quarterly,90,6,AI workflow review; staff guidance; vendor register,AI tool list; workflow decision label; owner signoff; staff no-PHI guidance reference,PHI or patient identifiers; credentials; private admin URLs; raw logs; patient screenshots; full private contracts,AI-PASTE_PATIENT_LEVEL_NOTE_INTO_PUBLIC_CHATBOT; VENDOR-EXAMPLE_AI_SCRIBE_VENDOR; EXT-TRACKER-INTAKE-002; EXT-TRACKER-SCHEDULER-001; AI-AI_SCRIBE_PILOT; AI-BILLING_APPEAL_DRAFTER,"Inventory AI workflows and record no-PHI, restricted, or prohibited handling decisions with reviewer routing."
VEL-AI-DATA-USE-001,AI data-use and model-training evidence,Vendor / BAA / AI,"45 CFR § 164.502(a) Prohibited Uses and Disclosures (Required) & § 164.314(a)(2)(i) Permitted Uses by BA (Required); NIST AI RMF GOVERN 2.1, MAP 2.3 Data Governance & Prohibited Model Training on PHI; HHS 405(d) HICP Sub-Practice 4.M.B Cloud Data Governance; CISA CPG 2.K Regulated Data Protection",AI Data Use,small_practice; msp_supported; covered_entity; public_demo,EV-AI-DATA-USE-001,AI data-use and model-training terms evidence,"vendor data-use setting, terms summary, or reviewer note",vendor,vendor,owner,legal_compliance; vendor; technical_reviewer,gated,missing,,,,contract_renewal,365,6,AI vendor terms; AI workflow review; vendor trust portal,model-training setting; data retention term summary; deletion/export capability note; human review workflow; reviewer note,PHI or patient identifiers; credentials; private admin URLs; raw logs; patient screenshots; full private contracts,AI-PASTE_PATIENT_LEVEL_NOTE_INTO_PUBLIC_CHATBOT; VENDOR-EXAMPLE_AI_SCRIBE_VENDOR; EXT-TRACKER-INTAKE-002; EXT-TRACKER-SCHEDULER-001; AI-AI_SCRIBE_PILOT; AI-BILLING_APPEAL_DRAFTER,"Request AI data-use, retention, model-training, and human-review evidence before expanding restricted workflows."
VEL-PHYSICAL-ACCESS-001,Physical access basics,Physical Safeguards,45 CFR § 164.310(a)(1) Facility Access Controls (Required) & § 164.310(b) Workstation Use (Required) & § 164.310(c) Workstation Security (Required); NIST SP 800-66r2 § 3.2 Physical Safeguards - Facility and Workstation Security; HHS 405(d) HICP Sub-Practice 1.S.D Physical Security and Workstation Protection; CISA CPG 2.C Physical Access Controls,Physical Access,small_practice; msp_supported; covered_entity; public_demo,EV-PHYSICAL-ACCESS-001,Physical access review evidence,facility access checklist and owner note,office_manager,office_manager,owner,office_manager; owner,missing,missing,,,,annual,365,6,facility access checklist; key or badge log; workstation area review,key or badge owner list; visitor procedure summary; workstation placement note; after-hours access owner,PHI or patient identifiers; credentials; private admin URLs; raw logs; patient screenshots; full private contracts,VENDOR-EXAMPLE_IMAGING_VENDOR; READINESS-004; READINESS-001; READINESS-002; READINESS-006; VENDOR-EXAMPLE_AI_SCRIBE_VENDOR; VENDOR-EXAMPLE_BILLING_VENDOR,"Review keys, badges, visitor handling, and workstation placement with the office manager."
VEL-MEDIA-DISPOSAL-001,Device and media disposal or transfer evidence,Physical Safeguards,45 CFR § 164.310(d)(2)(i) Disposal (Required) & § 164.310(d)(2)(ii) Media Re-use (Required); NIST SP 800-66r2 § 3.2 Device and Media Controls - Disposal and Sanitization; HHS 405(d) HICP Sub-Practice 4.S.C Media Sanitization (NIST SP 800-88r1); CISA CPG 2.Q Secure Hardware and Media Disposal,Device / Media Handling,small_practice; msp_supported; covered_entity; public_demo,EV-MEDIA-DISPOSAL-001,Media disposal or transfer record,sanitized disposal certificate or transfer checklist,office_manager,msp,owner,office_manager; msp,missing,missing,,,,event_driven,30,6,asset inventory; disposal vendor; MSP ticket,disposal or transfer date; device category; wiping or destruction method reference; owner signoff,PHI or patient identifiers; credentials; private admin URLs; raw logs; patient screenshots; full private contracts,EXT-TLS-PORTAL-003,"Record disposal, transfer, wipe, or destruction evidence when devices or media leave service."
